1.01.png,0
1.02.png,0
1.03.png,0
1.04.png,0
1.05.png,0
1.12.png,0
1.13.png,0
1.14.png,0
1.15.png,0
1.22.png,0
1.23.png,0
1.24.png,0
1.25.png,0
1.32.png,0
1.33.png,0
1.34.png,0
1.35.png,0
1.42.png,0
1.43.png,0
1.44.png,0
1.45.png,0
1.52.png,0
1.53.png,0
1.54.png,0
1.55.png,0
1.62.png,0
1.63.png,0
1.64.png,0
1.65.png,0
1.72.png,0
1.73.png,0
1.74.png,0
1.75.png,0
1.82.png,0
1.83.png,0
1.84.png,0
1.85.png,0
1.92.png,0
1.93.png,0
1.94.png,0
1.95.png,0
2.02.png,0
2.03.png,0
2.04.png,0
2.05.png,0
2.12.png,0
2.13.png,0
2.14.png,0
2.15.png,0
2.22.png,0
2.23.png,0
2.24.png,0
2.25.png,0
2.32.png,0
2.33.png,0
2.34.png,0
2.35.png,0
2.42.png,0
2.43.png,0
2.44.png,0
2.45.png,0
2.52.png,0
2.53.png,0
2.54.png,0
2.55.png,0
2.62.png,0
2.63.png,0
2.64.png,0
2.65.png,0
2.72.png,0
2.73.png,0
2.74.png,0
2.75.png,0
2.82.png,0
2.83.png,0
2.84.png,0
2.85.png,0
2.92.png,0
2.93.png,0
2.94.png,0
2.95.png,0
3.02.png,0
3.03.png,0
3.04.png,0
3.05.png,0
3.12.png,1
3.13.png,1
3.14.png,1
3.15.png,1
3.22.png,1
3.23.png,1
3.24.png,1
3.25.png,1
3.32.png,1
3.33.png,1
3.34.png,1
3.35.png,1
3.42.png,1
3.43.png,1
3.44.png,1
3.45.png,1
3.52.png,2
3.53.png,2
3.54.png,2
3.55.png,2
3.62.png,2
3.63.png,2
3.64.png,2
3.65.png,2
3.72.png,2
3.73.png,2
3.74.png,2
3.75.png,2
3.82.png,2
3.83.png,2
3.84.png,2
3.85.png,2
3.92.png,2
3.93.png,2
3.94.png,2
3.95.png,2
4.02.png,2
4.03.png,2
4.04.png,2
4.05.png,2
4.12.png,2
4.13.png,2
4.14.png,2
4.15.png,2
4.22.png,2
4.23.png,2
4.24.png,2
4.25.png,2
4.32.png,2
4.33.png,2
4.34.png,2
4.35.png,2
4.42.png,2
4.43.png,2
4.44.png,2
4.45.png,2
4.52.png,2
4.53.png,2
4.54.png,2
4.55.png,2
4.62.png,2
4.63.png,2
4.64.png,2
4.65.png,2
4.72.png,2
4.73.png,2
4.74.png,2
4.75.png,2
4.82.png,2
4.83.png,2
4.84.png,2
4.85.png,2
4.92.png,2
4.93.png,2
4.94.png,2
4.95.png,2
5.02.png,2
5.03.png,2
5.04.png,2
5.05.png,2
5.12.png,2
5.13.png,2
5.14.png,2
5.15.png,2
5.22.png,2
5.23.png,2
5.24.png,2
5.25.png,2
5.32.png,2
5.33.png,2
5.34.png,2
5.35.png,2
5.42.png,2
5.43.png,2
5.44.png,2
5.45.png,2
5.52.png,2
5.53.png,2
5.54.png,2
5.55.png,2
5.62.png,3
5.63.png,3
5.64.png,3
5.65.png,3
5.72.png,3
5.73.png,3
5.74.png,3
5.75.png,3
5.82.png,3
5.83.png,3
5.84.png,3
5.85.png,3
5.92.png,3
5.93.png,3
5.94.png,3
5.95.png,3
6.02.png,3
6.03.png,3
6.04.png,3
6.05.png,3
6.12.png,3
6.13.png,3
6.14.png,3
6.15.png,3
6.22.png,3
6.23.png,3
6.24.png,3
6.25.png,3
6.32.png,3
6.33.png,3
6.34.png,3
6.35.png,3
6.42.png,3
6.43.png,3
6.44.png,3
6.45.png,3
6.52.png,3
6.53.png,3
6.54.png,3
6.55.png,3
6.62.png,3
6.63.png,3
6.64.png,3
6.65.png,3
6.72.png,3
6.73.png,3
6.74.png,3
6.75.png,3
6.82.png,3
6.83.png,3
6.84.png,3
6.85.png,3
6.92.png,3
6.93.png,3
6.94.png,3
6.95.png,3
7.02.png,3
7.03.png,3
7.04.png,3
7.05.png,3
7.12.png,4
7.13.png,4
7.14.png,4
7.15.png,4
7.22.png,4
7.23.png,4
7.24.png,4
7.25.png,4
7.32.png,4
7.33.png,4
7.34.png,4
7.35.png,4
7.42.png,4
7.43.png,4
7.44.png,4
7.45.png,4
7.52.png,4
7.53.png,4
7.54.png,4
7.55.png,4
7.62.png,4
7.63.png,4
7.64.png,4
7.65.png,4
7.72.png,4
7.73.png,4
7.74.png,4
7.75.png,4
7.82.png,4
7.83.png,4
7.84.png,4
7.85.png,4
7.92.png,4
7.93.png,4
7.94.png,4
7.95.png,4
8.02.png,4
8.03.png,4
8.04.png,4
8.05.png,4
8.12.png,4
8.13.png,4
8.14.png,4
8.15.png,4
8.22.png,4
8.23.png,4
8.24.png,4
8.25.png,4
8.32.png,4
8.33.png,4
8.34.png,4
8.35.png,4
8.42.png,4
8.43.png,4
8.44.png,4
8.45.png,4
8.52.png,4
8.53.png,4
8.54.png,4
8.55.png,4
8.62.png,4
8.63.png,4
8.64.png,4
8.65.png,4
8.72.png,4
8.73.png,4
8.74.png,4
8.75.png,4
8.82.png,4
8.83.png,4
8.84.png,4
8.85.png,4
9.02.png,4
9.03.png,4
9.04.png,4
9.05.png,4
